{
	"format_version": "1.8.0",
	"animations": {
		"mantra_strong_left": {
			"animation_length": 1.25,
			"bones": {
				"body": {
					"rotation": {
						"0.0": [0, 0, 0],
						"0.125": [-12.5, "-22.5 - query.head_y_rotation", 0],
						"0.625": [-14.07147, "-34.6692 - query.head_y_rotation", 3.26529],
						"0.75": [74.24598, "78.4977 - query.head_y_rotation", 67.79883],
						"1.0": [62.89592, "83.1753 - query.head_y_rotation", 56.31254],
						"1.25": [0, 0, 0]
					}
				},
				"head": {
					"rotation": {
						"0.0": [0, 0, 0],
						"0.125": [0, 22.5, 0],
						"0.625": [0, 35, 0],
						"0.75": [0, -69.5, 0],
						"0.8333": [0, -72.5, 0],
						"1.0": [0, -72.5, 0],
						"1.25": [0, 0, 0]
					}
				},
				"right_arm": {
					"rotation": {
						"0.0": [0, 0, 0],
						"0.125": [-88.59131, 21.37389, -18.86421],
						"0.625": [-88.37082, 36.36871, -18.41146],
						"0.75": [35.53912, 5.99692, 32.6926],
						"1.0": [35.53912, 5.99692, 32.6926],
						"1.25": [0, 0, 0]
					}
				},
				"left_arm": {
					"rotation": {
						"0.0": [0, 0, 0],
						"0.125": [-92.75806, 24.97457, -1.16524],
						"0.625": [-92.56062, 12.48791, -0.55404],
						"0.75": [-96.50882, -67.36871, 6.01146],
						"1.0": [-96.50882, -67.36871, 6.01146],
						"1.25": [0, 0, 0]
					},
					"position": {
						"0.0": [0, 0, 0],
						"0.125": [2, 0, 3],
						"0.625": [2, 0, 5],
						"0.75": [1.5, 0, -3],
						"0.8333": [0.5, 0, -3],
						"1.0": [1, 0, -3],
						"1.25": [0, 0, 0]
					}
				}
			}
		},
		"mantra_rapid_punches_start": {
			"animation_length": 0.75,
			"bones": {
				"body": {
					"rotation": {
						"0.0": [0, 0, 0],
						"0.125": [-20.44582, "-11.7350747523 - query.head_y_rotation", 4.3361],
						"0.3333": [-25.76926, "-13.566260371 - query.head_y_rotation", 6.46066],
						"0.5": [19.23074, "-13.5663 - query.head_y_rotation", 6.46066],
						"0.75": [23.63789, "0.3937 - query.head_y_rotation", 11.95973]
					}
				},
				"torso": {
					"rotation": {
						"0.0": [0, 0, 0],
						"0.125": [-2.57673, -9.96156, 0.88045],
						"0.3333": [-2.70001, -19.95102, 1.35631],
						"0.5": [2.50186, 17.51172, 0.31728]
					}
				},
				"head": {
					"rotation": {
						"0.0": [0, 0, 0],
						"0.125": [15, 0, 0],
						"0.5": [-15.43578, 11.58424, -9.89775]
					}
				},
				"right_arm": {
					"rotation": {
						"0.0": [0, 0, 0],
						"0.125": [-30, 0, 27.5],
						"0.3333": [-67.93659, -6.73717, 34.90702],
						"0.5": [-91.48726, 28.23563, -14.28328]
					},
					"position": {
						"0.0": [0, 0, 0],
						"0.3333": [0, 0, -2],
						"0.5": [0, 0, 3]
					}
				},
				"left_arm": {
					"rotation": {
						"0.0": [0, 0, 0],
						"0.125": [-7.20889, -16.58974, -18.97287],
						"0.3333": [0.29111, -16.58974, -18.97287],
						"0.5": [-80.49245, -13.84384, -55.09567]
					},
					"position": {
						"0.0": [0, 0, 0],
						"0.3333": [0, 0, 2],
						"0.5": [0, 0, 2]
					}
				},
				"right_leg": {
					"rotation": {
						"0.0": [0, 0, 0],
						"0.75": [-3.48303, 24.77164, -8.26511]
					}
				},
				"left_leg": {
					"rotation": {
						"0.0": [0, 0, 0],
						"0.75": [-15, 0, -15]
					},
					"position": {
						"0.0": [0, 0, 0],
						"0.75": [0, 2, -3]
					}
				}
			}
		},
		"mantra_rapid_punches_loop": {
			"loop": true,
			"animation_length": 0.4,
			"bones": {
				"body": {
					"rotation": {
						"0.0": [19.23074, "-13.5663 - query.head_y_rotation", 6.46066],
						"0.0667": [9.45564, "22.648 - query.head_y_rotation", 15.80158],
						"0.1333": [23.28935, "38.9704 - query.head_y_rotation", 23.2033],
						"0.2": [19.23074, "13.5663 - query.head_y_rotation", -6.46066],
						"0.2667": [9.45564, "-22.648 - query.head_y_rotation", -15.80158],
						"0.3333": [23.28935, "-38.9704 - query.head_y_rotation", -23.2033],
						"0.4": [19.23074, "-13.5663 - query.head_y_rotation", 6.46066]
					}
				},
				"torso": {
					"rotation": {
						"0.0": [2.50186, 17.51172, 0.31728],
						"0.0667": [2.58268, 22.50681, 0.55324],
						"0.4": [2.50186, 17.51172, 0.31728]
					}
				},
				"head": {
					"rotation": {
						"0.0": [-15.43578, 11.58424, -9.89775],
						"0.0667": [3.14468, -15.92215, -19.17288],
						"0.1333": [3.73335, -35.88711, -20.49988],
						"0.2": [-15.43578, -11.58424, 9.89775],
						"0.2667": [-3.14468, 15.92215, 19.17288],
						"0.3333": [3.73335, 35.88711, 20.49988],
						"0.4": [-15.43578, 11.58424, -9.89775]
					}
				},
				"right_arm": {
					"rotation": {
						"0.0": [-91.48726, 28.23563, -14.28328],
						"0.2": [-80.49245, 13.84384, 55.09567],
						"0.2667": [-109.22846, 14.10864, 43.80827],
						"0.3667": [-86.11864, 29.21149, 45.84027],
						"0.4": [-91.48726, 28.23563, -14.28328]
					},
					"position": {
						"0.0": [0, 0, 3],
						"0.2": [0, 0, 2],
						"0.2667": [0, 0, -4],
						"0.3667": [0, 0, -4],
						"0.4": [0, 0, 3]
					}
				},
				"left_arm": {
					"rotation": {
						"0.0": [-80.49245, -13.84384, -55.09567],
						"0.0667": [-109.22846, -14.10864, -43.80827],
						"0.1667": [-86.11864, -29.21149, -45.84027],
						"0.2667": [-91.48726, -28.23563, 14.28328],
						"0.4": [-80.49245, -13.84384, -55.09567]
					},
					"position": {
						"0.0": [0, 0, 2],
						"0.0667": [0, 0, -4],
						"0.1667": [0, 0, -4],
						"0.2667": [0, 0, 3],
						"0.4": [0, 0, 2]
					}
				}
			}
		}
	}
}