{
	"format_version": "1.8.0",
	"animations": {
		"animationcancel": {
			"loop": true,
			"animation_length": 0.0417,
			"bones": {
				"body": {
					"rotation": [0, 0, 0]
				},
				"torso": {
					"position": [0, 0, 0]
				},
				"head": {
					"position": [0, 0, 0]
				},
				"right_arm": {
					"position": [0, 0, 0]
				},
				"left_arm": {
					"position": [0, 0, 0]
				},
				"right_leg": {
					"position": [0, 0, 0]
				},
				"left_leg": {
					"position": [0, 0, 0]
				}
			}
		},
		"parrysuccess": {
			"animation_length": 0.1667,
			"bones": {
				"right_arm": {
					"rotation": {
						"0.0": [-112.34041, -46.7671, 34.89994],
						"0.0833": [-113.19922, 48.62886, 0.40238],
						"0.1667": [-109.01464, 36.95377, 6.52719]
					}
				},
				"left_arm": {
					"rotation": {
						"0.0": [-40.89339, 20.70481, 22.20765],
						"0.0833": [-43.21918, -13.99545, -14.43276],
						"0.1667": [-44.31282, -8.80349, -8.90929]
					}
				}
			}
		},
		"parry": {
			"animation_length": 0.5,
			"bones": {
				"right_arm": {
					"rotation": {
						"0.0": [0, 0, 0],
						"0.125": [-112.34041, -46.7671, 34.89994],
						"0.2083": [-112.34041, -46.7671, 34.89994],
						"0.2917": [-111.38926, -44.44681, 33.56915],
						"0.5": [0, 0, 0]
					}
				},
				"left_arm": {
					"rotation": {
						"0.0": [0, 0, 0],
						"0.125": [-79.69322, 60.45144, -16.24773],
						"0.2083": [-104.24247, 50.93284, -21.73486],
						"0.2917": [-79.69322, 60.45144, -16.24773],
						"0.5": [0, 0, 0]
					},
					"position": {
						"0.0": [0, 0, 0],
						"0.125": [0, 0, -2],
						"0.5": [0, 0, 0]
					}
				}
			}
		}
	}
}