{
	"format_version": "1.8.0",
	"animations": {
		"rapidpunches": {
			"animation_length": 2,
			"bones": {
				"body": {
					"rotation": {
						"0.0": [0, 0, 0],
						"0.25": [-25, 0, 0],
						"0.5": [9.50206, -19.3546, -11.70092],
						"0.6667": [9.50206, 19.3546, 11.70092],
						"0.8333": [9.50206, -19.3546, -11.70092],
						"1.0": [9.50206, 19.3546, 11.70092],
						"1.1667": [9.50206, -19.3546, -11.70092],
						"1.3333": [9.50206, 19.3546, 11.70092],
						"1.5": [9.50206, -19.3546, -11.70092],
						"1.6667": [9.50206, 19.3546, 11.70092],
						"2.0": [0, 0, 0]
					}
				},
				"head": {
					"rotation": {
						"0.0": [0, 0, 0],
						"0.25": [15, 0, 0],
						"0.5": [-2.5, 0, 0],
						"0.6667": [-2.5, 0, 0],
						"0.8333": [-2.5, 0, 0],
						"1.0": [-2.5, 0, 0],
						"1.1667": [-2.5, 0, 0],
						"1.3333": [-2.5, 0, 0],
						"1.5": [-2.5, 0, 0],
						"1.6667": [-2.5, 0, 0],
						"2.0": [0, 0, 0]
					}
				},
				"right_arm": {
					"rotation": {
						"0.0": [2.5, 0, 0],
						"0.25": [0, 32.5, 40],
						"0.5": [-96.27593, 15.09793, 39.5018],
						"0.6667": [-63.27664, -7.44104, 59.98591],
						"0.8333": [-96.43666, -19.69997, 43.3205],
						"1.0": [-57.85399, -1.673, 67.55628],
						"1.1667": [-79.68616, 4.32999, 73.09349],
						"1.3333": [-63.16444, -4.27172, 76.08884],
						"1.5": [-96.43666, -19.69997, 43.3205],
						"1.6667": [-85.34133, 34.64689, -39.12797],
						"2.0": [0, 0, 0]
					},
					"position": {
						"0.0": [0, 0, 0],
						"0.25": [0, 0, 0],
						"0.5": [2, 0, -5],
						"0.6667": [-1, -1, 5],
						"0.8333": [2, 0, -5],
						"1.0": [-1, -1, 2],
						"1.1667": [2, 0, -5],
						"1.3333": [0, 0, 6],
						"1.5": [2, 0, -5],
						"1.6667": [1, -4, 2],
						"2.0": [0, 0, 0]
					}
				},
				"left_arm": {
					"rotation": {
						"0.0": [0, 0, 0],
						"0.25": [0, -32.5, -40],
						"0.5": [-129.3318, 3.29314, -17.66923],
						"0.6667": [-97.72818, 23.97715, -9.85088],
						"0.8333": [-55.45122, -6.83063, -85.09731],
						"1.0": [-99.53322, -16.30364, -78.17205],
						"1.1667": [-58.11351, -4.44629, -80.52882],
						"1.3333": [-87.10319, 24.17727, 3.83564],
						"1.5": [-91.85929, -11.7743, -63.53311],
						"1.6667": [-114.02378, 5.92008, 58.79338],
						"2.0": [0, 0, 0]
					},
					"position": {
						"0.0": [0, 0, 0],
						"0.5": [1, -4, 2],
						"0.6667": [-2, 0, -5],
						"0.8333": [1, -2, 2],
						"1.0": [-2, 0, -5],
						"1.1667": [1, -2, 2],
						"1.3333": [-2, 1, -5],
						"1.5": [1, -3, 4],
						"1.6667": [-2, 0, -5],
						"2.0": [0, 0, 0]
					}
				}
			}
		}
	}
}