{
	"format_version": "1.8.0",
	"animations": {
		"swing_sword1": {
			"animation_length": 0.5,
			"bones": {
				"body": {
					"rotation": {
						"0.0": [0, 0, 0],
						"0.3333": ["-x", 0, 0]
					}
				},
				"torso": {
					"rotation": {
						"0.0": [2.31, -40, 0.28],
						"0.125": [0, -32.5, 0],
						"0.1667": [0, -47.5, 0],
						"0.2917": [0, 27.5, 0],
						"0.3333": [0, 20, 0]
					}
				},
				"right_arm": {
					"rotation": {
						"0.0": [-15.73, "3.9828124051 + query.head_x_rotation * 1", -84.83],
						"0.125": [-123.76008, "-12.421789274 - query.head_x_rotation * 1", 80.0882],
						"0.2083": [-123.76008, "-12.421789274 - query.head_x_rotation * 1", 80.0882],
						"0.2917": [53.73992, "-12.421789274 - query.head_x_rotation * 1", 80.0882],
						"0.3333": [47.15935, "3.3797452318 - query.head_x_rotation * 1", 82.33103]
					},
					"position": {
						"0.0": [2, 0, -6],
						"0.125": [0, 0, -3],
						"0.2083": [2, 0, -4],
						"0.3333": [0, 0, 2]
					}
				},
				"right_item": {
					"rotation": {
						"0.0": [52.5, 0, 0],
						"0.2083": [0, 0, 0],
						"0.25": [73.33, 0, 0],
						"0.3333": [47.5, 0, 0]
					},
					"position": {
						"0.0": [0, -4, 1],
						"0.1667": [0, 0, 0],
						"0.25": [0, -4, 1]
					}
				},
				"left_arm": {
					"rotation": {
						"0.0": [0, 0, 0],
						"0.125": [30, 0, 0],
						"0.1667": [30, 0, 0],
						"0.3333": [-22.57273, 40.46981, -21.92718]
					},
					"position": {
						"0.0": [0, 0, 0],
						"0.125": [-1, 0, 3],
						"0.1667": [-1, 0, 3],
						"0.3333": [-1, 0, -1]
					}
				}
			},
			"sound_effects": {
				"0.2083": {
					"effect": "verse:swordswing1"
				}
			}
		},
		"swing_sword2": {
			"animation_length": 0.5,
			"bones": {
				"torso": {
					"rotation": {
						"0.0": [0, 20, 0],
						"0.2917": [2.5, -45, 0],
						"0.3333": [2.3077, -40.00439, 0.28436],
						"0.5": [2.31, -40, 0.28]
					}
				},
				"right_arm": {
					"rotation": {
						"0.0": [47.15935, "3.3797452318 + query.head_x_rotation * 1", 82.33103],
						"0.125": [-149.56301, "37.6280222829 + query.head_x_rotation * 1", -77.33822],
						"0.2083": [-149.56301, "37.6280222829 + query.head_x_rotation * 1", -77.33822],
						"0.2917": [-9.32194, "8.5901814048 + query.head_x_rotation * 1", -83.28832],
						"0.3333": [-15.73111, "3.9828124051 + query.head_x_rotation * 1", -84.82961],
						"0.5": [-15.73, "3.9828124051 + query.head_x_rotation * 1", -84.83]
					},
					"position": {
						"0.0": [0, 0, 2],
						"0.3333": [2, 0, -6],
						"0.5": [2, 0, -6]
					}
				},
				"right_item": {
					"rotation": {
						"0.0": [47.5, 0, 0],
						"0.2083": [47.5, 0, 0],
						"0.2917": [65, 0, 0],
						"0.3333": [52.5, 0, 0],
						"0.5": [52.5, 0, 0]
					},
					"position": {
						"0.0": [0, -4, 0],
						"0.25": [0, -4, 1],
						"0.5": [0, -4, 1]
					}
				},
				"left_arm": {
					"rotation": {
						"0.0": [-22.57273, 40.46981, -21.92718],
						"0.125": [-75.95743, 44.67298, -37.94919],
						"0.3333": [24.61561, -11.52024, -18.72344]
					},
					"position": {
						"0.0": [-1, 0, -1],
						"0.3333": [0, -1, 3]
					}
				}
			},
			"sound_effects": {
				"0.2083": {
					"effect": "verse:swordswing2"
				}
			}
		},
		"swing_axe1": {
			"animation_length": 0.5208,
			"bones": {
				"torso": {
					"rotation": {
						"0.0": [0, 0, 0],
						"0.1302": [0, -17.5, 0],
						"0.2083": [0, -17.5, 0],
						"0.2865": [0, 25, 0],
						"0.3385": [0, 25, 0]
					}
				},
				"right_arm": {
					"rotation": {
						"0.0": [0, 0, 0],
						"0.1302": [-114.26701, "-13.3485512864 - query.head_x_rotation * 1", 62.88229],
						"0.2083": [-128.462, "-11.8174664341 - query.head_x_rotation * 1", 73.86034],
						"0.2865": [14.59812, "-11.8174664341 - query.head_x_rotation * 1", 62.01837],
						"0.3385": [14.44835, "-3.8544260199 - query.head_x_rotation * 1", 64.44311]
					},
					"position": {
						"0.0": [0, 0, 0],
						"0.2083": [0, 0, 0],
						"0.2865": [0, 0, 3],
						"0.3385": [0, 0, 3]
					}
				},
				"right_item": {
					"rotation": {
						"0.0": [0, 0, 0],
						"0.2083": [0, 0, 0],
						"0.2865": [60, 0, 0],
						"0.3385": [60, 0, 0]
					},
					"position": {
						"0.0": [0, 0, 0],
						"0.2083": [0, 0, 0],
						"0.2865": [0, 0, 2],
						"0.3385": [0, 0, 2]
					}
				},
				"left_arm": {
					"rotation": {
						"0.0": [0, 0, 0],
						"0.1302": [22.5, 0, 0],
						"0.2083": [22.5, 0, 0],
						"0.2865": [-5.24133, 17.43127, -1.5741],
						"0.3385": [2.25867, 17.43127, -1.5741]
					},
					"position": {
						"0.0": [0, 0, 0],
						"0.1302": [0, 0, 3],
						"0.2083": [0, 0, 3],
						"0.2865": [0, 0, -2],
						"0.3385": [0, 0, -2]
					}
				}
			},
			"sound_effects": {
				"0.2344": {
					"effect": "verse:axeswing1"
				}
			}
		},
		"swing_axe2": {
			"animation_length": 0.4948,
			"bones": {
				"torso": {
					"rotation": {
						"0.0": [0, 25, 0],
						"0.1302": [0, 15, 0],
						"0.2083": [0, 15, 0],
						"0.2865": [0, -17.5, 0]
					}
				},
				"right_arm": {
					"rotation": {
						"0.0": [14.44835, "-3.8544260199 + query.head_x_rotation * 1", 64.44311],
						"0.1302": [-174.64114, "5.0304596404 + query.head_x_rotation * 1", -61.9187],
						"0.2083": [-174.64, "5.03 + query.head_x_rotation * 1", -61.92],
						"0.2865": [2.86, "5.03 + query.head_x_rotation * 1", -61.92],
						"0.3385": [-38.88418, "9.7806 + query.head_x_rotation * 1", -56.06585]
					},
					"position": {
						"0.0": [0, 0, 3],
						"0.1302": [0, 0, 2],
						"0.2083": [0, 0, 2],
						"0.2865": [1, 0, -5]
					}
				},
				"right_item": {
					"rotation": {
						"0.0": [60, 0, 0],
						"0.2083": [60, 0, 0]
					},
					"position": {
						"0.0": [0, 0, 2],
						"0.2083": [0, 0, 2]
					}
				},
				"left_arm": {
					"rotation": {
						"0.0": [2.25867, 17.43127, -1.5741],
						"0.2083": [9.76, 17.43, -1.57],
						"0.2865": [-15.28068, -16.82147, -8.88028],
						"0.3125": [-7.78068, -16.82147, -8.88028]
					},
					"position": {
						"0.0": [0, 0, -2],
						"0.2083": [0, 0, -1],
						"0.2865": [0, 0, 2]
					}
				}
			},
			"sound_effects": {
				"0.2083": {
					"effect": "verse:axeswing1"
				}
			}
		},
		"swing_gaxe1": {
			"animation_length": 0.75,
			"bones": {
				"torso": {
					"rotation": {
						"0.0": [0, -33.64, 0],
						"0.125": [0, -45.5, 0],
						"0.2083": [0, -45.5, 0],
						"0.2917": [0, 57, 0],
						"0.5": [0, 79.5, 0],
						"0.75": [0, 0, 0]
					},
					"position": [0, 0, 0]
				},
				"right_arm": {
					"rotation": {
						"0.0": [-152.18827, -15.86333, 76.49045],
						"0.125": [-166.63679, -13.62175, 67.24082],
						"0.2083": [-166.63679, -13.62175, 67.24082],
						"0.2917": [33.65844, 9.47399, 48.2502],
						"0.5": [71.15844, 9.47399, 48.2502],
						"0.75": [0, 0, 0]
					},
					"position": {
						"0.0": [1.33, 0, -3],
						"0.125": [2, -4, -5],
						"0.2083": [2, -4, -5],
						"0.2917": [3, 0, 5],
						"0.5": [6, 0, 5],
						"0.75": [0, 0, 0]
					}
				},
				"right_item": {
					"rotation": {
						"0.0": [-2.97544, 6.36826, -1.92324],
						"0.125": [7.5, 0, 0],
						"0.2083": [0, 0, 0],
						"0.2917": [-15.84979, -3.40771, -1.24562],
						"0.5": [-33.34979, -3.40771, -1.24562],
						"0.75": [0, 0, 0]
					},
					"position": {
						"0.0": [0, 0, 0],
						"0.125": [0, 0, 0],
						"0.2083": [0, 0, 0],
						"0.5": [0, 0, 0],
						"0.75": [0, 0, 0]
					}
				},
				"left_arm": {
					"rotation": {
						"0.0": [-144.1047, -69.28476, 17.58185],
						"0.125": [-83.25979, -78.83105, -26.30249],
						"0.2083": [-102.12184, -46.53565, -24.54125],
						"0.25": [-115.31898, 9.08341, -21.50804],
						"0.2917": [-220.64343, 60.92573, -158.33907],
						"0.5": [-230.55251, 42.45991, -184.62467],
						"0.75": [0, 0, 0]
					},
					"position": {
						"0.0": [-2, 0, 5],
						"0.125": [-5, 0, 5],
						"0.2083": [-4, -2, 5],
						"0.25": [0.33, -0.67, -3.33],
						"0.2917": [-8, -2, -2],
						"0.5": [-8, -2, -2],