{
	"format_version": "1.8.0",
	"animations": {
		"parry_fist": {
			"loop": "hold_on_last_frame",
			"animation_length": 0.5,
			"bones": {
				"right_arm": {
					"rotation": {
						"0.0": [0, 0, 0],
						"0.125": [-112.34041, -46.7671, 34.89994],
						"0.2083": [-112.34041, -46.7671, 34.89994],
						"0.2917": [-111.38926, -44.44681, 33.56915]
					}
				},
				"left_arm": {
					"rotation": {
						"0.0": [0, 0, 0],
						"0.125": [-79.69322, 60.45144, -16.24773],
						"0.2083": [-104.24247, 50.93284, -21.73486],
						"0.2917": [-79.69322, 60.45144, -16.24773]
					},
					"position": {
						"0.0": [0, 0, 0],
						"0.125": [0, 0, -2]
					}
				}
			},
			"sound_effects": {
				"0.0": {
					"effect": "verse:blockattempt"
				}
			}
		},
		"parrysuccess_fist1": {
			"animation_length": 0.5,
			"bones": {
				"right_arm": {
					"rotation": {
						"0.0": [-112.34041, -46.7671, 34.89994],
						"0.0833": [-113.19922, 48.62886, 0.40238],
						"0.1667": [-109.01464, 36.95377, 6.52719]
					}
				},
				"left_arm": {
					"rotation": {
						"0.0": [-40.89339, 20.70481, 22.20765],
						"0.0833": [-43.21918, -13.99545, -14.43276],
						"0.1667": [-44.31282, -8.80349, -8.90929]
					}
				}
			}
		},
		"parrysuccess_fist2": {
			"animation_length": 0.5,
			"bones": {
				"right_arm": {
					"rotation": {
						"0.0": [-112.34041, -46.7671, 34.89994],
						"0.0833": [-113.19922, 48.62886, 0.40238],
						"0.1667": [-109.01464, 36.95377, 6.52719]
					}
				},
				"left_arm": {
					"rotation": {
						"0.0": [-40.89339, 20.70481, 22.20765],
						"0.0833": [-43.21918, -13.99545, -14.43276],
						"0.1667": [-44.31282, -8.80349, -8.90929]
					}
				}
			}
		},
		"parry_sword": {
			"loop": "hold_on_last_frame",
			"animation_length": 0.5,
			"bones": {
				"right_arm": {
					"rotation": {
						"0.0": [0, 0, 0],
						"0.0833": [-107.46659, 10.8966, 106.75702],
						"0.2083": [-107.24328, 6.12395, 108.26464],
						"0.2917": [-107.46659, 10.8966, 106.75702]
					},
					"position": {
						"0.0": [0, 0, 0],
						"0.0833": [0, 0, 0],
						"0.2083": [0, 0, 0],
						"0.2917": [0, 0, 0]
					}
				},
				"left_arm": {
					"rotation": {
						"0.0": [0, 0, 0],
						"0.0833": [-52.0899, 60.38785, 73.81117],
						"0.2083": [-51.81111, 56.3176, 68.26895],
						"0.2917": [-52.0899, 60.38785, 73.81117]
					},
					"position": {
						"0.0": [0, 0, 0],
						"0.0833": [-3, -4, -4],
						"0.2083": [-3, -4, -3.5],
						"0.2917": [-3, -4, -4]
					}
				}
			},
			"sound_effects": {
				"0.0": {
					"effect": "verse:blockattempt"
				}
			}
		},
		"parrysuccess_sword1": {
			"animation_length": 0.5,
			"bones": {
				"right_arm": {
					"rotation": {
						"0.0": [-90.5, 0.06, 75.92],
						"0.0417": [-27.95394, -0.21804, 43.42113],
						"0.2083": [-32.75363, 3.85479, 49.72341],
						"0.5": [0, 0, 0]
					},
					"position": {
						"0.0": [0, 0, 0.5],
						"0.0417": [0, -1, 0.5],
						"0.2083": [0, -2, 0.5],
						"0.5": [0, 0, 0]
					}
				},
				"right_item": {
					"rotation": {
						"0.0": [0, 0, 0],
						"0.0417": [32.5, 0, 0],
						"0.2083": [55, 0, 0],
						"0.5": [57.5, 0, 0]
					},
					"position": {
						"0.0": [0, 0, 0],
						"0.0417": [0, 0, 0],
						"0.2083": [0, -1, 1],
						"0.5": [0, -2, 1]
					}
				},
				"left_arm": {
					"rotation": {
						"0.0": [-52.09, 60.39, 73.81],
						"0.0417": [-9.59, 60.39, 73.81],
						"0.2083": [-17.94444, 59.19623, 64.14922],
						"0.5": [0, 0, 0]
					},
					"position": {
						"0.0": [-3, -4, -3.5],
						"0.0417": [-7, -4, -3.5],
						"0.2083": [-6, -4, -3.5],
						"0.5": [0, 0, 0]
					}
				}
			}
		},
		"parrysuccess_sword2": {
			"animation_length": 0.5,
			"bones": {
				"right_arm": {
					"rotation": {
						"0.0": [-90.5, 0.06, 75.92],
						"0.0417": [-66.67283, 35.37914, 52.68888],
						"0.125": [-56.67283, 35.37914, 52.68888],
						"0.5": [0, 0, 0]
					},
					"position": {
						"0.0": [0, 0, 0.5],
						"0.0417": [0, -1, 0.5],
						"0.125": [0, -1, 0.5],
						"0.5": [0, 0, 0]
					}
				},
				"right_item": {
					"rotation": {
						"0.0": [0, 0, 0],
						"0.0417": [52.5, 0, 0],
						"0.125": [57.5, 0, 0],
						"0.5": [57.5, 0, 0]
					},
					"position": {
						"0.0": [0, 0, 0],
						"0.0417": [0, -2, 1],
						"0.125": [0, -2, 1],
						"0.5": [0, -2, 1]
					}
				},
				"left_arm": {
					"rotation": {
						"0.0": [-52.09, 60.39, 73.81],
						"0.0417": [-23.15327, 67.4995, 97.56155],
						"0.125": [-15.65327, 67.4995, 97.56155],
						"0.5": [0, 0, 0]
					},
					"position": {
						"0.0": [-3, -4, -3.5],
						"0.0417": [-7, -4, -3.5],
						"0.125": [-7, -4, -3.5],
						"0.5": [0, 0, 0]
					}
				}
			}
		}
	}
}